{
  "codeSystems" : [
    {
      "url" : "http://dicom.nema.org/resources/ontology/DCM",
      "version" : "01",
      "status" : "active",
      "name" : "DICOM Controlled Terminology Definitions",
      "title" : null,
      "description" : "DICOM Code Definitions (Coding Scheme Designator \"DCM\" Coding Scheme Version \"01\")",
      "oids" : ["1.2.840.10008.2.16.4"],
      "uses" : {
      },
      "http://hl7.org/fhir/R4/valueset-security-role-type.html" : "SecurityRoleType"
    },
    {
      "url" : "http://hl7.org/fhir/CodeSystem/task-code",
      "version" : "4.0.1",
      "status" : "active",
      "name" : "TaskCode",
      "title" : "Task Codes",
      "description" : "Codes indicating the type of action that is expected to be performed",
      "oids" : ["2.16.840.1.113883.4.642.4.1397"],
      "uses" : {
      },
      "http://hl7.org/fhir/R4/valueset-task-code.html" : "Task Codes"
    },
    {
      "url" : "http://hl7.org/fhir/bundle-type",
      "version" : "4.0.1",
      "status" : "active",
      "name" : "BundleType",
      "title" : "BundleType",
      "description" : "Indicates the purpose of a bundle - how it is intended to be used.",
      "oids" : ["2.16.840.1.113883.4.642.4.621"],
      "uses" : {
      },
      "http://hl7.org/fhir/R4/valueset-bundle-type.html" : "BundleType"
    },
    {
      "url" : "http://hl7.org/fhir/composition-status",
      "version" : "4.0.1",
      "status" : "draft",
      "name" : "CompositionStatus",
      "title" : "CompositionStatus",
      "description" : "The workflow/clinical status of the composition.",
      "oids" : ["2.16.840.1.113883.4.642.4.242"],
      "uses" : {
      },
      "http://hl7.org/fhir/R4/valueset-composition-status.html" : "CompositionStatus"
    },
    {
      "url" : "http://hl7.org/fhir/consent-data-meaning",
      "version" : "4.0.1",
      "status" : "draft",
      "name" : "ConsentDataMeaning",
      "title" : "ConsentDataMeaning",
      "description" : "How a resource reference is interpreted when testing consent restrictions.",
      "oids" : ["2.16.840.1.113883.4.642.4.760"],
      "uses" : {
      },
      "http://hl7.org/fhir/R4/valueset-consent-data-meaning.html" : "ConsentDataMeaning"
    },
    {
      "url" : "http://hl7.org/fhir/consent-provision-type",
      "version" : "4.0.1",
      "status" : "draft",
      "name" : "ConsentProvisionType",
      "title" : "ConsentProvisionType",
      "description" : "How a rule statement is applied, such as adding additional consent or removing consent.",
      "oids" : ["2.16.840.1.113883.4.642.4.758"],
      "uses" : {
      },
      "http://hl7.org/fhir/R4/valueset-consent-provision-type.html" : "ConsentProvisionType"
    },
    {
      "url" : "http://hl7.org/fhir/consent-state-codes",
      "version" : "4.0.1",
      "status" : "draft",
      "name" : "ConsentState",
      "title" : "ConsentState",
      "description" : "Indicates the state of the consent.",
      "oids" : ["2.16.840.1.113883.4.642.4.756"],
      "uses" : {
      },
      "http://hl7.org/fhir/R4/valueset-consent-state-codes.html" : "ConsentState"
    },
    {
      "url" : "http://hl7.org/fhir/document-reference-status",
      "version" : "4.0.1",
      "status" : "draft",
      "name" : "DocumentReferenceStatus",
      "title" : "DocumentReferenceStatus",
      "description" : "The status of the document reference.",
      "oids" : ["2.16.840.1.113883.4.642.4.8"],
      "uses" : {
      },
      "http://hl7.org/fhir/R4/valueset-document-reference-status.html" : "DocumentReferenceStatus"
    },
    {
      "url" : "http://hl7.org/fhir/document-relationship-type",
      "version" : "4.0.1",
      "status" : "draft",
      "name" : "DocumentRelationshipType",
      "title" : "DocumentRelationshipType",
      "description" : "The type of relationship between documents.",
      "oids" : ["2.16.840.1.113883.4.642.4.245"],
      "uses" : {
      },
      "http://hl7.org/fhir/R4/valueset-document-relationship-type.html" : "DocumentRelationshipType"
    },
    {
      "url" : "http://hl7.org/fhir/http-verb",
      "version" : "4.0.1",
      "status" : "active",
      "name" : "HTTPVerb",
      "title" : "HTTPVerb",
      "description" : "HTTP verbs (in the HTTP command line). See [HTTP rfc](https://tools.ietf.org/html/rfc7231) for details.",
      "oids" : ["2.16.840.1.113883.4.642.4.625"],
      "uses" : {
      },
      "http://hl7.org/fhir/R4/valueset-http-verb.html" : "HTTPVerb"
    },
    {
      "url" : "http://hl7.org/fhir/identifier-use",
      "version" : "4.0.1",
      "status" : "active",
      "name" : "IdentifierUse",
      "title" : "IdentifierUse",
      "description" : "Identifies the purpose for this identifier, if known .",
      "oids" : ["2.16.840.1.113883.4.642.4.58"],
      "uses" : {
      },
      "http://hl7.org/fhir/R4/valueset-identifier-use.html" : "IdentifierUse"
    },
    {
      "url" : "http://hl7.org/fhir/request-intent",
      "version" : "4.0.1",
      "status" : "draft",
      "name" : "RequestIntent",
      "title" : "RequestIntent",
      "description" : "Codes indicating the degree of authority/intentionality associated with a request.",
      "oids" : ["2.16.840.1.113883.4.642.4.114"],
      "uses" : {
      },
      "http://hl7.org/fhir/R4/valueset-task-intent.html" : "TaskIntent"
    },
    {
      "url" : "http://hl7.org/fhir/request-priority",
      "version" : "4.0.1",
      "status" : "draft",
      "name" : "RequestPriority",
      "title" : "RequestPriority",
      "description" : "Identifies the level of importance to be assigned to actioning the request.",
      "oids" : ["2.16.840.1.113883.4.642.4.116"],
      "uses" : {
      },
      "http://hl7.org/fhir/R4/valueset-request-priority.html" : "Request priority"
    },
    {
      "url" : "http://hl7.org/fhir/resource-types",
      "version" : "4.0.1",
      "status" : "active",
      "name" : "ResourceType",
      "title" : "ResourceType",
      "description" : "One of the resource types defined as part of this version of FHIR.",
      "uses" : {
      },
      "http://hl7.org/fhir/R4/valueset-consent-content-class.html" : "Consent Content Class",
      "http://hl7.org/fhir/R4/valueset-resource-types.html" : "ResourceType"
    },
    {
      "url" : "http://hl7.org/fhir/search-entry-mode",
      "version" : "4.0.1",
      "status" : "active",
      "name" : "SearchEntryMode",
      "title" : "SearchEntryMode",
      "description" : "Why an entry is in the result set - whether it's included as a match or because of an _include requirement, or to convey information or warning information about the search process.",
      "oids" : ["2.16.840.1.113883.4.642.4.623"],
      "uses" : {
      },
      "http://hl7.org/fhir/R4/valueset-search-entry-mode.html" : "SearchEntryMode"
    },
    {
      "url" : "http://hl7.org/fhir/task-intent",
      "version" : "4.0.1",
      "status" : "draft",
      "name" : "TaskIntent",
      "title" : "TaskIntent",
      "description" : "Distinguishes whether the task is a proposal, plan or full order.",
      "oids" : ["2.16.840.1.113883.4.642.4.1241"],
      "uses" : {
      },
      "http://hl7.org/fhir/R4/valueset-task-intent.html" : "TaskIntent"
    },
    {
      "url" : "http://hl7.org/fhir/task-status",
      "version" : "4.0.1",
      "status" : "draft",
      "name" : "TaskStatus",
      "title" : "TaskStatus",
      "description" : "The current status of the task.",
      "oids" : ["2.16.840.1.113883.4.642.4.791"],
      "uses" : {
      },
      "http://hl7.org/fhir/R4/valueset-task-status.html" : "TaskStatus"
    },
    {
      "url" : "http://loinc.org",
      "version" : "3.1.0",
      "status" : "active",
      "name" : "LOINC",
      "title" : "Logical Observation Identifiers, Names and Codes (LOINC)",
      "description" : "LOINC provides a set of universal names and ID codes for identifying laboratory and clinical test results.1,2 LOINC facilitates the exchange and pooling of results, such as blood hemoglobin, serum potassium, or vital signs, for clinical care, outcomes management, and research. LOINC's universal identifiers (names and codes) can be used in the context of order and observation exchanges between information systems that use syntax standards such as HL73, CEN TC251, ISO TC215, ASTM4, and DICOM. Specifically, the identifier can be used as the coded value for an observation in any other standard that uses the observation/observation value paradigm, whether messages, documents, application programming interface (API), etc. For example, LOINC codes are used widely in the OBX segment Observation Identifier field (OBX-3) of an ORU HL7 (HL7 version 2.x or ASTM 1238-9410) message that may be sent between a Clinical Laboratory Information Management Systems (LIMS) and Electronic Health Record Systems (EHR).5, 6 In this way, LOINC codes provide universal identifiers that allow the exchange of clinical data between heterogeneous computing environments.",
      "oids" : ["2.16.840.1.113883.6.1"],
      "uses" : {
      },
      "ValueSet-type-document-reference-esms-valueset.html" : "DocumentReferenceTypeESMSValueSet",
      "http://hl7.org/fhir/R4/valueset-consent-content-code.html" : "Consent Content Codes",
      "http://hl7.org/fhir/R4/valueset-c80-doc-typecodes.html" : "Document Type Value Set",
      "http://hl7.org/fhir/R4/valueset-consent-category.html" : "Consent Category Codes",
      "http://hl7.org/fhir/R4/valueset-document-classcodes.html" : "Document Class Value Set"
    },
    {
      "url" : "http://snomed.info/sct",
      "version" : null,
      "status" : "active",
      "name" : "SNOMED_CT",
      "title" : "SNOMED CT (all versions)",
      "description" : "SNOMED CT is the most comprehensive and precise clinical health terminology product in the world, owned and distributed around the world by The International Health Terminology Standards Development Organisation (IHTSDO).",
      "oids" : ["2.16.840.1.113883.6.96"],
      "uses" : {
      },
      "http://hl7.org/fhir/R4/valueset-c80-facilitycodes.html" : "Facility Type Code Value Set",
      "http://hl7.org/fhir/R4/valueset-performer-role.html" : "Procedure Performer Role Codes",
      "http://hl7.org/fhir/R4/valueset-c80-practice-codes.html" : "Practice Setting Code Value Set"
    },
    {
      "url" : "http://terminology.hl7.org/CodeSystem/common-tags",
      "version" : "1.0.0",
      "status" : "draft",
      "name" : "CommonTags",
      "title" : "Common Tags",
      "description" : "Common Tag Codes defined by FHIR project",
      "oids" : ["2.16.840.1.113883.4.642.1.1067"],
      "uses" : {
      },
      "http://hl7.org/fhir/R4/valueset-common-tags.html" : "Common Tags"
    },
    {
      "url" : "http://terminology.hl7.org/CodeSystem/consentaction",
      "version" : "1.0.0",
      "status" : "draft",
      "name" : "ConsentActionCodes",
      "title" : "Consent Action Codes",
      "description" : "This value set includes sample Consent Action codes.",
      "oids" : ["2.16.840.1.113883.4.642.1.1227"],
      "uses" : {
      },
      "http://hl7.org/fhir/R4/valueset-consent-action.html" : "Consent Action Codes"
    },
    {
      "url" : "http://terminology.hl7.org/CodeSystem/consentcategorycodes",
      "version" : "1.0.0",
      "status" : "draft",
      "name" : "ConsentCategoryCodes",
      "title" : "Consent Category Codes",
      "description" : "This value set includes sample Consent Directive Type codes, including several consent directive related LOINC codes; HL7 VALUE SET: ActConsentType(2.16.840.1.113883.1.11.19897); examples of US realm consent directive legal descriptions and references to online and/or downloadable forms such as the SSA-827 Authorization to Disclose Information to the Social Security Administration; and other anticipated consent directives related to participation in a clinical trial, medical procedures, reproductive procedures; health care directive (Living Will); advance directive, do not resuscitate (DNR); Physician Orders for Life-Sustaining Treatment (POLST)",
      "oids" : ["2.16.840.1.113883.4.642.1.1226"],
      "uses" : {
      },
      "http://hl7.org/fhir/R4/valueset-consent-category.html" : "Consent Category Codes"
    },
    {
      "url" : "http://terminology.hl7.org/CodeSystem/consentpolicycodes",
      "version" : "3.0.0",
      "status" : "draft",
      "name" : "ConsentPolicyRuleCodes",
      "title" : "Consent PolicyRule Codes",
      "description" : "This value set includes sample Regulatory consent policy types from the US and other regions.",
      "oids" : ["2.16.840.1.113883.4.642.1.1229"],
      "uses" : {
      },
      "http://hl7.org/fhir/R4/valueset-consent-policy.html" : "Consent PolicyRule Codes"
    },
    {
      "url" : "http://terminology.hl7.org/CodeSystem/consentscope",
      "version" : "2.0.0",
      "status" : "draft",
      "name" : "ConsentScopeCodes",
      "title" : "Consent Scope Codes",
      "description" : "This value set includes the four Consent scope codes.",
      "oids" : ["2.16.840.1.113883.4.642.1.1228"],
      "uses" : {
      },
      "http://hl7.org/fhir/R4/valueset-consent-scope.html" : "Consent Scope Codes"
    },
    {
      "url" : "http://terminology.hl7.org/CodeSystem/contractsignertypecodes",
      "version" : "1.0.0",
      "status" : "draft",
      "name" : "ContractSignerTypeCodes",
      "title" : "Contract Signer Type Codes",
      "description" : "This value set includes sample Contract Signer Type codes.",
      "oids" : ["2.16.840.1.113883.4.642.1.1201"],
      "uses" : {
      },
      "http://hl7.org/fhir/R4/valueset-security-role-type.html" : "SecurityRoleType"
    },
    {
      "url" : "http://terminology.hl7.org/CodeSystem/extra-security-role-type",
      "version" : "1.0.0",
      "status" : "draft",
      "name" : "SecurityRoleType",
      "title" : "Security Role Type",
      "description" : "This CodeSystem contains Additional FHIR-defined Security Role types not defined elsewhere",
      "uses" : {
      },
      "http://hl7.org/fhir/R4/valueset-security-role-type.html" : "SecurityRoleType"
    },
    {
      "url" : "http://terminology.hl7.org/CodeSystem/v2-0203",
      "version" : "4.0.0",
      "status" : "active",
      "name" : "IdentifierType",
      "title" : "identifierType",
      "description" : "HL7-defined code system of concepts specifying type of identifier. Used in HL7 Version 2.x messaging data types CX, PLN, PPN, XCN and XON.",
      "oids" : ["2.16.840.1.113883.18.108"],
      "uses" : {
      },
      "http://hl7.org/fhir/R4/valueset-identifier-type.html" : "IdentifierType"
    },
    {
      "url" : "http://terminology.hl7.org/CodeSystem/v3-ActCode",
      "version" : "9.0.0",
      "status" : "active",
      "name" : "ActCode",
      "title" : "ActCode",
      "description" : "A code specifying the particular kind of Act that the Act-instance represents within its class.\r\n\r\n*Constraints:* The kind of Act (e.g. physical examination, serum potassium, inpatient encounter, charge financial transaction, etc.) is specified with a code from one of several, typically external, coding systems. The coding system will depend on the class of Act, such as LOINC for observations, etc.\r\n\r\nConceptually, the Act.code must be a specialization of the Act.classCode. This is why the structure of ActClass domain should be reflected in the superstructure of the ActCode domain and then individual codes or externally referenced vocabularies subordinated under these domains that reflect the ActClass structure.\r\n\r\nAct.classCode and Act.code are not modifiers of each other but the Act.code concept should really imply the Act.classCode concept. For a negative example, it is not appropriate to use an Act.code \"potassium\" together with and Act.classCode for \"laboratory observation\" to somehow mean \"potassium laboratory observation\" and then use the same Act.code for \"potassium\" together with Act.classCode for \"medication\" to mean \"substitution of potassium\". This mutually modifying use of Act.code and Act.classCode is not permitted.",
      "oids" : ["2.16.840.1.113883.5.4"],
      "uses" : {
      },
      "http://terminology.hl7.org/5.5.0/ValueSet-v3-ActCode.html" : "v3 Code System ActCode"
    },
    {
      "url" : "http://terminology.hl7.org/CodeSystem/v3-ActReason",
      "version" : "3.0.0",
      "status" : "active",
      "name" : "ActReason",
      "title" : "ActReason",
      "description" : "A set of codes specifying the motivation, cause, or rationale of an Act, when such rationale is not reasonably represented as an ActRelationship of type \"has reason\" linking to another Act.\r\n\r\n*Examples:* Example reasons that might qualify for being coded in this field might be: \"routine requirement\", \"infectious disease reporting requirement\", \"on patient request\", \"required by law\".",
      "oids" : ["2.16.840.1.113883.5.8"],
      "uses" : {
      },
      "http://terminology.hl7.org/5.5.0/ValueSet-v3-PurposeOfUse.html" : "PurposeOfUse"
    },
    {
      "url" : "http://terminology.hl7.org/CodeSystem/v3-ParticipationFunction",
      "version" : "3.0.0",
      "status" : "active",
      "name" : "ParticipationFunction",
      "title" : "ParticipationFunction",
      "description" : "This code is used to specify the exact function an actor had in a service in all necessary detail. This domain may include local extensions (CWE).",
      "oids" : ["2.16.840.1.113883.5.88"],
      "uses" : {
      },
      "http://hl7.org/fhir/R4/valueset-security-role-type.html" : "SecurityRoleType"
    },
    {
      "url" : "http://terminology.hl7.org/CodeSystem/v3-ParticipationType",
      "version" : "5.0.0",
      "status" : "active",
      "name" : "ParticipationType",
      "title" : "ParticipationType",
      "description" : "A code specifying the meaning and purpose of every Participation instance. Each of its values implies specific constraints on the Roles undertaking the participation.",
      "oids" : ["2.16.840.1.113883.5.90"],
      "uses" : {
      },
      "http://hl7.org/fhir/R4/valueset-security-role-type.html" : "SecurityRoleType"
    },
    {
      "url" : "http://terminology.hl7.org/CodeSystem/v3-RoleClass",
      "version" : "4.0.0",
      "status" : "active",
      "name" : "RoleClass",
      "title" : "RoleClass",
      "description" : "Codes for the Role class hierarchy. The values in this hierarchy, represent a Role which is an association or relationship between two entities - the entity that plays the role and the entity that scopes the role. Roles names are derived from the name of the playing entity in that role.\r\n\r\nThe role hierarchy stems from three core concepts, or abstract domains:\r\n\r\n *  **RoleClassOntological** is an abstract domain that collects roles in which the playing entity is defined or specified by the scoping entity.\r\n *  **RoleClassPartitive** collects roles in which the playing entity is in some sense a \"part\" of the scoping entity.\r\n *  **RoleClassAssociative** collects all of the remaining forms of association between the playing entity and the scoping entity. This set of roles is further partitioned between:\r\n    \r\n     *  **RoleClassPassive** which are roles in which the playing entity is used, known, treated, handled, built, or destroyed, etc. under the auspices of the scoping entity. The playing entity is passive in these roles in that the role exists without an agreement from the playing entity.\r\n     *  **RoleClassMutualRelationship** which are relationships based on mutual behavior of the two entities. The basis of these relationship may be formal agreements or they may be *de facto* behavior. Thus, this sub-domain is further divided into:\r\n        \r\n         *  **RoleClassRelationshipFormal** in which the relationship is formally defined, frequently by a contract or agreement.\r\n         *  **Personal relationship** which inks two people in a personal relationship.\r\n\r\nThe hierarchy discussed above is represented In the current vocabulary tables as a set of abstract domains, with the exception of the \"Personal relationship\" which is a leaf concept.\r\n\r\n*OpenIssue:* Description copied from Concept Domain of same name. Must be verified.",
      "oids" : ["2.16.840.1.113883.5.110"],
      "uses" : {
      },
      "http://hl7.org/fhir/R4/valueset-security-role-type.html" : "SecurityRoleType"
    },
    {
      "url" : "http://terminology.hl7.org/CodeSystem/v3-RoleCode",
      "version" : "3.0.0",
      "status" : "active",
      "name" : "RoleCode",
      "title" : "RoleCode",
      "description" : "A set of codes further specifying the kind of Role; specific classification codes for further qualifying RoleClass codes.",
      "oids" : ["2.16.840.1.113883.5.111"],
      "uses" : {
      },
      "http://hl7.org/fhir/R4/valueset-security-role-type.html" : "SecurityRoleType"
    },
    {
      "url" : "https://mos.esante.gouv.fr/NOS/TRE_R240-TemporaliteAccueil/FHIR/TRE-R240-TemporaliteAccueil",
      "version" : "1.2.0",
      "status" : "active",
      "name" : "TRE_R240-TemporaliteAccueil",
      "title" : null,
      "description" : "Temporalité accueil",
      "oids" : ["1.2.250.1.213.3.3.31"],
      "uses" : {
      },
      "https://interop.esante.gouv.fr/ig/nos/1.2.0/ValueSet-JDV-J30-TemporaliteAccueil-ROR.html" : "JDV_J30-TemporaliteAccueil-ROR"
    },
    {
      "url" : "https://mos.esante.gouv.fr/NOS/TRE_R244-CategorieOrganisation/FHIR/TRE-R244-CategorieOrganisation",
      "version" : "1.2.0",
      "status" : "active",
      "name" : "TRE_R244-CategorieOrganisation",
      "title" : null,
      "description" : "Catégorie d'organisation",
      "oids" : ["1.2.250.1.213.3.3.39"],
      "uses" : {
      },
      "https://interop.esante.gouv.fr/ig/nos/1.2.0/ValueSet-JDV-J34-CategorieOrganisation-ROR.html" : "JDV_J34-CategorieOrganisation-ROR"
    },
    {
      "url" : "https://mos.esante.gouv.fr/NOS/TRE_R357-StatutPersonnePriseCharge/FHIR/TRE-R357-StatutPersonnePriseCharge",
      "version" : "1.2.0",
      "status" : "active",
      "name" : "TRE_R357-StatutPersonnePriseCharge",
      "title" : null,
      "description" : "Statut de la personne prise en charge.",
      "oids" : ["1.2.250.1.213.3.3.247"],
      "uses" : {
      },
      "https://interop.esante.gouv.fr/ig/nos/1.2.0/ValueSet-JDV-J253-StatutPersonnePriseChargeUnite.html" : "JDV_J253-StatutPersonnePriseChargeUnite",
      "https://interop.esante.gouv.fr/ig/nos/1.2.0/ValueSet-JDV-J252-StatutPersonnePriseChargeESMS.html" : "JDV_J252-StatutPersonnePriseChargeESMS"
    },
    {
      "url" : "https://mos.esante.gouv.fr/NOS/TRE_R358-MotifStatutPersonnePriseCharge/FHIR/TRE-R358-MotifStatutPersonnePriseCharge",
      "version" : "1.2.0",
      "status" : "active",
      "name" : "TRE_R358-MotifStatutPersonnePriseCharge",
      "title" : null,
      "description" : "Motif du statut de la personne prise en charge",
      "oids" : ["1.2.250.1.213.3.3.248"],
      "uses" : {
      },
      "https://interop.esante.gouv.fr/ig/nos/1.2.0/ValueSet-JDV-J251-MotifStatutPersonnePriseChargeESMS.html" : "JDV_J251-MotifStatutPersonnePriseChargeESMS",
      "https://interop.esante.gouv.fr/ig/nos/1.2.0/ValueSet-JDV-J250-MotifStatutPersonnePriseChargeUnite.html" : "JDV_J250-MotifStatutPersonnePriseChargeUnite"
    },
    {
      "url" : "urn:ietf:bcp:47",
      "version" : "2.0.1",
      "status" : "active",
      "name" : "Ietf3066",
      "title" : "Tags for the Identification of Languages",
      "description" : "Older value from OID registry.  Superceded; see recommendations in BCP-47.",
      "oids" : ["2.16.840.1.113883.6.121"],
      "uses" : {
      },
      "http://hl7.org/fhir/R4/valueset-languages.html" : "Common Languages"
    }
  ]
}
