"Id","Path","Slice Name","Alias(s)","Label","Min","Max","Must Support?","Is Modifier?","Is Summary?","Type(s)","Short","Definition","Comments","Requirements","Default Value","Meaning When Missing","Fixed Value","Pattern","Example","Minimum Value","Maximum Value","Maximum Length","Binding Strength","Binding Description","Binding Value Set","Code","Slicing Discriminator","Slicing Description","Slicing Ordered","Slicing Rules","Base Path","Base Min","Base Max","Condition(s)","Constraint(s)","Mapping: Workflow Pattern","Mapping: HL7 v2 Mapping","Mapping: RIM Mapping","Mapping: FiveWs Pattern Mapping"
"Consent","Consent","","","",0,*,"","","","null {[]} {[]}
","A healthcare consumer's  choices to permit or deny recipients or roles to perform actions for specific purposes and periods of time","A record of a healthcare consumer’s  choices, which permits or denies identified recipient(s) or recipient role(s) to perform one or more actions within a given policy context, for specific purposes and periods of time.","Broadly, there are 3 key areas of consent for patients: Consent around sharing information (aka Privacy Consent Directive - Authorization to Collect, Use, or Disclose information), consent for specific treatment, or kinds of treatment, and general advance care directives.","","","","","","","","",,,,,"",,,,"Consent",0,*,"","","Event","CON","Entity. Role, or Act","FinancialConsent"
"Consent.id","Consent.id","","","",0,1,"","","Y","id {[]} {[]}
","Logical id of this artifact","The logical id of the resource, as used in the URL for the resource. Once assigned, this value never changes.","The only time that a resource does not have an id is when it is being submitted to the server using a create operation.","","","","","","","","",,,,,"",,,,"Resource.id",0,1,"",""
"Consent.meta","Consent.meta","","","",0,1,"","","Y","Meta {[]} {[]}
","Metadata about the resource","The metadata about the resource. This is content that is maintained by the infrastructure. Changes to the content might not always be associated with version changes to the resource.","","","","","","","","","",,,,,"",,,,"Resource.meta",0,1,"ele-1
","ele-1:All FHIR elements must have a @value or children {hasValue() or (children().count() > id.count())}
","n/a","N/A"
"Consent.meta.id","Consent.meta.id","","","",0,1,"","","","string {[]} {[]}
","Unique id for inter-element referencing","Unique id for the element within a resource (for internal references). This may be any string value that does not contain spaces.","","","","","","","","","",,,,,"",,,,"Element.id",0,1,"","","n/a"
"Consent.meta.extension","Consent.meta.extension","","extensions
user content","",0,*,"","","","Extension {[]} {[]}
","Additional content defined by implementations","May be used to represent additional information that is not part of the basic definition of the element. To make the use of extensions safe and manageable, there is a strict set of governance  applied to the definition and use of extensions. Though any implementer can define an extension, there is a set of requirements that SHALL be met as part of the definition of the extension.","There can be no stigma associated with the use of extensions by any application, project, or standard - regardless of the institution or jurisdiction that uses or defines the extensions.  The use of extensions is what allows the FHIR specification to retain a core level of simplicity for everyone.","","","","","","","","",,,,,"","value:url}
","Extensions are always sliced by (at least) url",,"open","Element.extension",0,*,"ele-1
","ele-1:All FHIR elements must have a @value or children {hasValue() or (children().count() > id.count())}
ext-1:Must have either extensions or value[x], not both {extension.exists() != value.exists()}","n/a","N/A"
"Consent.meta.versionId","Consent.meta.versionId","","","",0,1,"","","Y","id {[]} {[]}
","Version specific identifier","The version specific identifier, as it appears in the version portion of the URL. This value changes when the resource is created, updated, or deleted.","The server assigns this value, and ignores what the client specifies, except in the case that the server is imposing version integrity on updates/deletes.","","","","","","","","",,,,,"",,,,"Meta.versionId",0,1,"ele-1
","ele-1:All FHIR elements must have a @value or children {hasValue() or (children().count() > id.count())}
","n/a"
"Consent.meta.lastUpdated","Consent.meta.lastUpdated","","","",0,1,"","","Y","instant {[]} {[]}
","When the resource version last changed","When the resource last changed - e.g. when the version changed.","This value is always populated except when the resource is first being created. The server / resource manager sets this value; what a client provides is irrelevant. This is equivalent to the HTTP Last-Modified and SHOULD have the same value on a [read](http://hl7.org/fhir/R4/http.html#read) interaction.","","","","","","","","",,,,,"",,,,"Meta.lastUpdated",0,1,"ele-1
","ele-1:All FHIR elements must have a @value or children {hasValue() or (children().count() > id.count())}
","n/a"
"Consent.meta.source","Consent.meta.source","","","",1,1,"","","Y","uri {[]} {[]}
","Identifies where the resource comes from","A uri that identifies the source system of the resource. This provides a minimal amount of [Provenance](http://hl7.org/fhir/R4/provenance.html#) information that can be used to track or differentiate the source of information in the resource. The source may identify another FHIR server, document, message, database, etc.","In the provenance resource, this corresponds to Provenance.entity.what[x]. The exact use of the source (and the implied Provenance.entity.role) is left to implementer discretion. Only one nominated source is allowed; for additional provenance details, a full Provenance resource should be used. 

This element can be used to indicate where the current master source of a resource that has a canonical URL if the resource is no longer hosted at the canonical URL.","","","","","","","","",,,,,"",,,,"Meta.source",0,1,"ele-1
","ele-1:All FHIR elements must have a @value or children {hasValue() or (children().count() > id.count())}
","n/a"
"Consent.meta.profile","Consent.meta.profile","","","",0,*,"","","Y","canonical {[]} {[CanonicalType[http://hl7.org/fhir/StructureDefinition/StructureDefinition]]}
","Profiles this resource claims to conform to","A list of profiles (references to [StructureDefinition](http://hl7.org/fhir/R4/structuredefinition.html#) resources) that this resource claims to conform to. The URL is a reference to [StructureDefinition.url](http://hl7.org/fhir/R4/structuredefinition-definitions.html#StructureDefinition.url).","It is up to the server and/or other infrastructure of policy to determine whether/how these claims are verified and/or updated over time.  The list of profile URLs is a set.","","","","","","","","",,,,,"",,,,"Meta.profile",0,*,"ele-1
","ele-1:All FHIR elements must have a @value or children {hasValue() or (children().count() > id.count())}
","n/a"
"Consent.meta.security","Consent.meta.security","","","",0,*,"","","Y","Coding {[]} {[]}
","Security Labels applied to this resource","Security labels applied to this resource. These tags connect specific resources to the overall security policy and infrastructure.","The security labels can be updated without changing the stated version of the resource. The list of security labels is a set. Uniqueness is based the system/code, and version and display are ignored.","","","","","","","","",,"extensible","Security Labels from the Healthcare Privacy and Security Classification System.","http://hl7.org/fhir/ValueSet/security-labels","",,,,"Meta.security",0,*,"ele-1
","ele-1:All FHIR elements must have a @value or children {hasValue() or (children().count() > id.count())}
","CE/CNE/CWE subset one of the sets of component 1-3 or 4-6","n/a","CV"
"Consent.meta.tag","Consent.meta.tag","","","",0,*,"","","Y","Coding {[]} {[]}
","Tags applied to this resource","Tags applied to this resource. Tags are intended to be used to identify and relate resources to process and workflow, and applications are not required to consider the tags when interpreting the meaning of a resource.","The tags can be updated without changing the stated version of the resource. The list of tags is a set. Uniqueness is based the system/code, and version and display are ignored.","","","","","","","","",,"example","Codes that represent various types of tags, commonly workflow-related; e.g. ""Needs review by Dr. Jones"".","http://hl7.org/fhir/ValueSet/common-tags","",,,,"Meta.tag",0,*,"ele-1
","ele-1:All FHIR elements must have a @value or children {hasValue() or (children().count() > id.count())}
","CE/CNE/CWE subset one of the sets of component 1-3 or 4-6","n/a","CV"
"Consent.implicitRules","Consent.implicitRules","","","",0,1,"","Y","Y","uri {[]} {[]}
","A set of rules under which this content was created","A reference to a set of rules that were followed when the resource was constructed, and which must be understood when processing the content. Often, this is a reference to an implementation guide that defines the special rules along with other profiles etc.","Asserting this rule set restricts the content to be only understood by a limited set of trading partners. This inherently limits the usefulness of the data in the long term. However, the existing health eco-system is highly fractured, and not yet ready to define, collect, and exchange data in a generally computable sense. Wherever possible, implementers and/or specification writers should avoid using this element. Often, when used, the URL is a reference to an implementation guide that defines these special rules as part of it's narrative along with other profiles, value sets, etc.","","","","","","","","",,,,,"",,,,"Resource.implicitRules",0,1,"ele-1
","ele-1:All FHIR elements must have a @value or children {hasValue() or (children().count() > id.count())}
","n/a"
"Consent.language","Consent.language","","","",0,1,"","","","code {[]} {[]}
","Language of the resource content","The base language in which the resource is written.","Language is provided to support indexing and accessibility (typically, services such as text to speech use the language tag). The html language tag in the narrative applies  to the narrative. The language tag on the resource may be used to specify the language of other presentations generated from the data in the resource. Not all the content has to be in the base language. The Resource.language should not be assumed to apply to the narrative automatically. If a language is specified, it should it also be specified on the div element in the html (see rules in HTML5 for information about the relationship between xml:lang and the html lang attribute).","","","","","","","","",,"preferred","A human language.","http://hl7.org/fhir/ValueSet/languages","",,,,"Resource.language",0,1,"ele-1
","ele-1:All FHIR elements must have a @value or children {hasValue() or (children().count() > id.count())}
","n/a"
"Consent.text","Consent.text","","narrative
htmlxhtmldisplay","",0,1,"","","","Narrative {[]} {[]}
","Text summary of the resource, for human interpretation","A human-readable narrative that contains a summary of the resource and can be used to represent the content of the resource to a human. The narrative need not encode all the structured data, but is required to contain sufficient detail to make it ""clinically safe"" for a human to just read the narrative. Resource definitions may define what content should be represented in the narrative to ensure clinical safety.","Contained resources do not have narrative. Resources that are not contained SHOULD have a narrative. In some cases, a resource may only have text with little or no additional discrete data (as long as all minOccurs=1 elements are satisfied).  This may be necessary for data from legacy systems where information is captured as a ""text blob"" or where text is additionally entered raw or narrated and encoded information is added later.","","","","","","","","",,,,,"",,,,"DomainResource.text",0,1,"ele-1
","ele-1:All FHIR elements must have a @value or children {hasValue() or (children().count() > id.count())}
","n/a","N/A","Act.text?"
"Consent.contained","Consent.contained","","inline resources
anonymous resourcescontained resources","",0,*,"","","","Resource {[]} {[]}
","Contained, inline Resources","These resources do not have an independent existence apart from the resource that contains them - they cannot be identified independently, and nor can they have their own independent transaction scope.","This should never be done when the content can be identified properly, as once identification is lost, it is extremely difficult (and context dependent) to restore it again. Contained resources may have profiles and tags In their meta elements, but SHALL NOT have security labels.","","","","","","","","",,,,,"",,,,"DomainResource.contained",0,*,"","","Entity. Role, or Act","N/A"
"Consent.extension","Consent.extension","","extensions
user content","",0,*,"","","","Extension {[]} {[]}
","Additional content defined by implementations","May be used to represent additional information that is not part of the basic definition of the resource. To make the use of extensions safe and manageable, there is a strict set of governance  applied to the definition and use of extensions. Though any implementer can define an extension, there is a set of requirements that SHALL be met as part of the definition of the extension.","There can be no stigma associated with the use of extensions by any application, project, or standard - regardless of the institution or jurisdiction that uses or defines the extensions.  The use of extensions is what allows the FHIR specification to retain a core level of simplicity for everyone.","","","","","","","","",,,,,"","value:url}
","Extensions are always sliced by (at least) url",,"open","DomainResource.extension",0,*,"ele-1
","ele-1:All FHIR elements must have a @value or children {hasValue() or (children().count() > id.count())}
ext-1:Must have either extensions or value[x], not both {extension.exists() != value.exists()}","n/a","N/A"
"Consent.modifierExtension","Consent.modifierExtension","","extensions
user content","",0,*,"","Y","","Extension {[]} {[]}
","Extensions that cannot be ignored","May be used to represent additional information that is not part of the basic definition of the resource and that modifies the understanding of the element that contains it and/or the understanding of the containing element's descendants. Usually modifier elements provide negation or qualification. To make the use of extensions safe and manageable, there is a strict set of governance applied to the definition and use of extensions. Though any implementer is allowed to define an extension, there is a set of requirements that SHALL be met as part of the definition of the extension. Applications processing a resource are required to check for modifier extensions.

Modifier extensions SHALL NOT change the meaning of any elements on Resource or DomainResource (including cannot change the meaning of modifierExtension itself).","There can be no stigma associated with the use of extensions by any application, project, or standard - regardless of the institution or jurisdiction that uses or defines the extensions.  The use of extensions is what allows the FHIR specification to retain a core level of simplicity for everyone.","Modifier extensions allow for extensions that *cannot* be safely ignored to be clearly distinguished from the vast majority of extensions which can be safely ignored.  This promotes interoperability by eliminating the need for implementers to prohibit the presence of extensions. For further information, see the [definition of modifier extensions](http://hl7.org/fhir/R4/extensibility.html#modifierExtension).","","","","","","","",,,,,"","value:url}
","Extensions are always sliced by (at least) url",,"open","DomainResource.modifierExtension",0,*,"ele-1
","ele-1:All FHIR elements must have a @value or children {hasValue() or (children().count() > id.count())}
ext-1:Must have either extensions or value[x], not both {extension.exists() != value.exists()}","n/a","N/A"
"Consent.identifier","Consent.identifier","","","",0,*,"","","Y","Identifier {[]} {[]}
","Identifier for this record (external references)","Unique identifier for this copy of the Consent Statement.","This identifier identifies this copy of the consent. Where this identifier is also used elsewhere as the identifier for a consent record (e.g. a CDA consent document) then the consent details are expected to be the same.","","","","","","<valueIdentifier xmlns=""http://hl7.org/fhir"">
  <system value=""urn:ietf:rfc:3986""/>
  <value value=""Local eCMS identifier""/>
</valueIdentifier>","","",,,,,"",,,,"Consent.identifier",0,*,"ele-1
","ele-1:All FHIR elements must have a @value or children {hasValue() or (children().count() > id.count())}
","Event.identifier","CX / EI (occasionally, more often EI maps to a resource id or a URL)","n/a","II - The Identifier class is a little looser than the v3 type II because it allows URIs as well as registered OIDs or GUIDs.  Also maps to Role[classCode=IDENT]",".id","FiveWs.identifier"
"Consent.status","Consent.status","","","",1,1,"","Y","Y","code {[]} {[]}
","draft | proposed | active | rejected | inactive | entered-in-error","Indicates the current state of this consent.","This element is labeled as a modifier because the status contains the codes rejected and entered-in-error that mark the Consent as not currently valid.","The Consent Directive that is pointed to might be in various lifecycle states, e.g., a revoked Consent Directive.","","","<valueCode xmlns=""http://hl7.org/fhir"" value=""active""/>","","","","",,"required","Indicates the state of the consent.","http://hl7.org/fhir/ValueSet/consent-state-codes|4.0.1","",,,,"Consent.status",1,1,"ele-1
","ele-1:All FHIR elements must have a @value or children {hasValue() or (children().count() > id.count())}
","Event.status","HL7 Table 0498 - Consent Status","n/a",".statusCode","FiveWs.status"
"Consent.scope","Consent.scope","","","",1,1,"","Y","Y","CodeableConcept {[]} {[]}
","Which of the four areas this resource covers (extensible)","A selector of the type of consent being presented: ADR, Privacy, Treatment, Research.  This list is now extensible.","Not all terminology uses fit this general pattern. In some cases, models should not use CodeableConcept and use Coding directly and provide their own structure for managing text, codings, translations and the relationship between elements and pre- and post-coordination.","","","","<valueCodeableConcept xmlns=""http://hl7.org/fhir"">
  <coding>
    <system value=""http://terminology.hl7.org/CodeSystem/consentscope""/>
    <code value=""patient-privacy""/>
    <display value=""Privacy Consent""/>
  </coding>
</valueCodeableConcept>","","","","",,"extensible","The four anticipated uses for the Consent Resource.","http://hl7.org/fhir/ValueSet/consent-scope","",,,,"Consent.scope",1,1,"ele-1
","ele-1:All FHIR elements must have a @value or children {hasValue() or (children().count() > id.count())}
","CE/CNE/CWE","n/a","CD"
"Consent.category","Consent.category","","","",1,*,"","","Y","CodeableConcept {[]} {[]}
","Classification of the consent statement - for indexing/retrieval","A classification of the type of consents found in the statement. This element supports indexing and retrieval of consent statements.","Not all terminology uses fit this general pattern. In some cases, models should not use CodeableConcept and use Coding directly and provide their own structure for managing text, codings, translations and the relationship between elements and pre- and post-coordination.","","","","<valueCodeableConcept xmlns=""http://hl7.org/fhir"">
  <coding>
    <system value=""http://loinc.org""/>
    <code value=""59284-0""/>
    <display value=""Consent""/>
  </coding>
</valueCodeableConcept>","","","","",,"extensible","A classification of the type of consents found in a consent statement.","http://hl7.org/fhir/ValueSet/consent-category","",,,,"Consent.category",1,*,"ele-1
","ele-1:All FHIR elements must have a @value or children {hasValue() or (children().count() > id.count())}
","Event.code","CE/CNE/CWE","HL7 Table 0497 - Consent Type","n/a","CD","CNTRCT","FiveWs.class"
"Consent.patient","Consent.patient","","","",0,1,"","","Y","Reference {[]} {[CanonicalType[http://hl7.org/fhir/StructureDefinition/Patient]]}
","Who the consent applies to","The patient/healthcare consumer to whom this consent applies.","Commonly, the patient the consent pertains to is the author, but for young and old people, it may be some other person.","","","","","","","","",,,,,"",,,,"Consent.patient",0,1,"ele-1
","ele-1:All FHIR elements must have a @value or children {hasValue() or (children().count() > id.count())}
ref-1:SHALL have a contained resource if a local reference is provided {reference.startsWith('#').not() or (reference.substring(1).trace('url') in %rootResource.contained.id.trace('ids'))}","Event.subject","n/a","The target of a resource reference is a RIM entry point (Act, Role, or Entity)","Role","FiveWs.subject[x]","FiveWs.subject"
"Consent.dateTime","Consent.dateTime","","","",1,1,"","","Y","dateTime {[]} {[]}
","When this Consent was created or indexed","When this  Consent was issued / created / indexed.","This is not the time of the original consent, but the time that this statement was made or derived.","","","","","","","","",,,,,"",,,,"Consent.dateTime",0,1,"ele-1
","ele-1:All FHIR elements must have a @value or children {hasValue() or (children().count() > id.count())}
","Event.occurrence[x]","Field 13/ Consent Decision Date","n/a","FinancialConsent effectiveTime","FiveWs.recorded"
"Consent.performer","Consent.performer","","consentor
","",0,*,"","","Y","Reference {[]} {[CanonicalType[http://hl7.org/fhir/StructureDefinition/Organization], CanonicalType[http://hl7.org/fhir/StructureDefinition/Patient], CanonicalType[http://hl7.org/fhir/StructureDefinition/Practitioner], CanonicalType[http://hl7.org/fhir/StructureDefinition/RelatedPerson], CanonicalType[http://hl7.org/fhir/StructureDefinition/PractitionerRole]]}
","Who is agreeing to the policy and rules","Either the Grantor, which is the entity responsible for granting the rights listed in a Consent Directive or the Grantee, which is the entity responsible for complying with the Consent Directive, including any obligations or limitations on authorizations and enforcement of prohibitions.","Commonly, the patient the consent pertains to is the consentor, but particularly for young and old people, it may be some other person - e.g. a legal guardian.","","","","","","","","",,,,,"",,,,"Consent.performer",0,*,"ele-1
","ele-1:All FHIR elements must have a @value or children {hasValue() or (children().count() > id.count())}
ref-1:SHALL have a contained resource if a local reference is provided {reference.startsWith('#').not() or (reference.substring(1).trace('url') in %rootResource.contained.id.trace('ids'))}","Event.performer","Field 24/ ConsenterID","n/a","The target of a resource reference is a RIM entry point (Act, Role, or Entity)","FiveWs.actor"
"Consent.organization","Consent.organization","","custodian
","",0,*,"","","Y","Reference {[]} {[CanonicalType[http://hl7.org/fhir/StructureDefinition/Organization]]}
","Custodian of the consent","The organization that manages the consent, and the framework within which it is executed.","References SHALL be a reference to an actual FHIR resource, and SHALL be resolveable (allowing for access control, temporary unavailability, etc.). Resolution can be either by retrieval from the URL, or, where applicable by resource type, by treating an absolute reference as a canonical URL and looking it up in a local registry/repository.","","","","","","","","",,,,,"",,,,"Consent.organization",0,*,"ele-1
","ele-1:All FHIR elements must have a @value or children {hasValue() or (children().count() > id.count())}
ref-1:SHALL have a contained resource if a local reference is provided {reference.startsWith('#').not() or (reference.substring(1).trace('url') in %rootResource.contained.id.trace('ids'))}","Event.performer","n/a","The target of a resource reference is a RIM entry point (Act, Role, or Entity)","FiveWs.witness"
"Consent.source[x]","Consent.source[x]","","","",0,1,"","","Y","Attachment {[]} {[]}
Reference {[]} {[CanonicalType[http://hl7.org/fhir/StructureDefinition/Consent], CanonicalType[http://hl7.org/fhir/StructureDefinition/DocumentReference], CanonicalType[http://hl7.org/fhir/StructureDefinition/Contract], CanonicalType[http://hl7.org/fhir/StructureDefinition/QuestionnaireResponse]]}","Source from which this consent is taken","The source on which this consent statement is based. The source might be a scanned original paper form, or a reference to a consent that links back to such a source, a reference to a document repository (e.g. XDS) that stores the original consent document.","The source can be contained inline (Attachment), referenced directly (Consent), referenced in a consent repository (DocumentReference), or simply by an identifier (Identifier), e.g. a CDA document id.","","","","","","","","",,,,,"",,,,"Consent.source[x]",0,1,"ele-1
","ele-1:All FHIR elements must have a @value or children {hasValue() or (children().count() > id.count())}
","Field 19 Informational Material Supplied Indicator","n/a"
"Consent.policy","Consent.policy","","","",0,*,"","","","BackboneElement {[]} {[]}
","Policies covered by this consent","The references to the policies that are included in this consent scope. Policies may be organizational, but are often defined jurisdictionally, or in law.","","","","","","","","","",,,,,"",,,,"Consent.policy",0,*,"ele-1
","ele-1:All FHIR elements must have a @value or children {hasValue() or (children().count() > id.count())}
","n/a"
"Consent.policy.id","Consent.policy.id","","","",0,1,"","","","string {[]} {[]}
","Unique id for inter-element referencing","Unique id for the element within a resource (for internal references). This may be any string value that does not contain spaces.","","","","","","","","","",,,,,"",,,,"Element.id",0,1,"","","n/a"
"Consent.policy.extension","Consent.policy.extension","","extensions
user content","",0,*,"","","","Extension {[]} {[]}
","Additional content defined by implementations","May be used to represent additional information that is not part of the basic definition of the element. To make the use of extensions safe and manageable, there is a strict set of governance  applied to the definition and use of extensions. Though any implementer can define an extension, there is a set of requirements that SHALL be met as part of the definition of the extension.","There can be no stigma associated with the use of extensions by any application, project, or standard - regardless of the institution or jurisdiction that uses or defines the extensions.  The use of extensions is what allows the FHIR specification to retain a core level of simplicity for everyone.","","","","","","","","",,,,,"","value:url}
","Extensions are always sliced by (at least) url",,"open","Element.extension",0,*,"ele-1
","ele-1:All FHIR elements must have a @value or children {hasValue() or (children().count() > id.count())}
ext-1:Must have either extensions or value[x], not both {extension.exists() != value.exists()}","n/a","N/A"
"Consent.policy.modifierExtension","Consent.policy.modifierExtension","","extensions
user contentmodifiers","",0,*,"","Y","Y","Extension {[]} {[]}
","Extensions that cannot be ignored even if unrecognized","May be used to represent additional information that is not part of the basic definition of the element and that modifies the understanding of the element in which it is contained and/or the understanding of the containing element's descendants. Usually modifier elements provide negation or qualification. To make the use of extensions safe and manageable, there is a strict set of governance applied to the definition and use of extensions. Though any implementer can define an extension, there is a set of requirements that SHALL be met as part of the definition of the extension. Applications processing a resource are required to check for modifier extensions.

Modifier extensions SHALL NOT change the meaning of any elements on Resource or DomainResource (including cannot change the meaning of modifierExtension itself).","There can be no stigma associated with the use of extensions by any application, project, or standard - regardless of the institution or jurisdiction that uses or defines the extensions.  The use of extensions is what allows the FHIR specification to retain a core level of simplicity for everyone.","Modifier extensions allow for extensions that *cannot* be safely ignored to be clearly distinguished from the vast majority of extensions which can be safely ignored.  This promotes interoperability by eliminating the need for implementers to prohibit the presence of extensions. For further information, see the [definition of modifier extensions](http://hl7.org/fhir/R4/extensibility.html#modifierExtension).","","","","","","","",,,,,"",,,,"BackboneElement.modifierExtension",0,*,"ele-1
","ele-1:All FHIR elements must have a @value or children {hasValue() or (children().count() > id.count())}
ext-1:Must have either extensions or value[x], not both {extension.exists() != value.exists()}","n/a","N/A"
"Consent.policy.authority","Consent.policy.authority","","","",0,1,"","","","uri {[]} {[]}
","Enforcement source for policy","Entity or Organization having regulatory jurisdiction or accountability for  enforcing policies pertaining to Consent Directives.","see http://en.wikipedia.org/wiki/Uniform_resource_identifier","","","","","","","","",,,,,"",,,,"Consent.policy.authority",0,1,"ele-1
ppc-1","ele-1:All FHIR elements must have a @value or children {hasValue() or (children().count() > id.count())}
","n/a"
"Consent.policy.uri","Consent.policy.uri","","","",0,1,"","","","uri {[]} {[]}
","Specific policy covered by this consent","The references to the policies that are included in this consent scope. Policies may be organizational, but are often defined jurisdictionally, or in law.","This element is for discoverability / documentation and does not modify or qualify the policy rules.","","","","","","","","",,,,,"",,,,"Consent.policy.uri",0,1,"ele-1
ppc-1","ele-1:All FHIR elements must have a @value or children {hasValue() or (children().count() > id.count())}
","n/a"
"Consent.policyRule","Consent.policyRule","","","",0,1,"","","Y","CodeableConcept {[]} {[]}
","Regulation that this consents to","A reference to the specific base computable regulation or policy.","If the policyRule is absent, computable consent would need to be constructed from the elements of the Consent resource.","Might be a unique identifier of a policy set in XACML, or other rules engine.","","","","","","","",,"extensible","Regulatory policy examples.","http://hl7.org/fhir/ValueSet/consent-policy","",,,,"Consent.policyRule",0,1,"ele-1
ppc-1","ele-1:All FHIR elements must have a @value or children {hasValue() or (children().count() > id.count())}
","CE/CNE/CWE","n/a","CD"
"Consent.verification","Consent.verification","","","",0,*,"","","Y","BackboneElement {[]} {[]}
","Consent Verified by patient or family","Whether a treatment instruction (e.g. artificial respiration yes or no) was verified with the patient, his/her family or another authorized person.","","","","","","","","","",,,,,"",,,,"Consent.verification",0,*,"ele-1
","ele-1:All FHIR elements must have a @value or children {hasValue() or (children().count() > id.count())}
","n/a"
"Consent.verification.id","Consent.verification.id","","","",0,1,"","","","string {[]} {[]}
","Unique id for inter-element referencing","Unique id for the element within a resource (for internal references). This may be any string value that does not contain spaces.","","","","","","","","","",,,,,"",,,,"Element.id",0,1,"","","n/a"
"Consent.verification.extension","Consent.verification.extension","","extensions
user content","",0,*,"","","","Extension {[]} {[]}
","Additional content defined by implementations","May be used to represent additional information that is not part of the basic definition of the element. To make the use of extensions safe and manageable, there is a strict set of governance  applied to the definition and use of extensions. Though any implementer can define an extension, there is a set of requirements that SHALL be met as part of the definition of the extension.","There can be no stigma associated with the use of extensions by any application, project, or standard - regardless of the institution or jurisdiction that uses or defines the extensions.  The use of extensions is what allows the FHIR specification to retain a core level of simplicity for everyone.","","","","","","","","",,,,,"","value:url}
","Extensions are always sliced by (at least) url",,"open","Element.extension",0,*,"ele-1
","ele-1:All FHIR elements must have a @value or children {hasValue() or (children().count() > id.count())}
ext-1:Must have either extensions or value[x], not both {extension.exists() != value.exists()}","n/a","N/A"
"Consent.verification.modifierExtension","Consent.verification.modifierExtension","","extensions
user contentmodifiers","",0,*,"","Y","Y","Extension {[]} {[]}
","Extensions that cannot be ignored even if unrecognized","May be used to represent additional information that is not part of the basic definition of the element and that modifies the understanding of the element in which it is contained and/or the understanding of the containing element's descendants. Usually modifier elements provide negation or qualification. To make the use of extensions safe and manageable, there is a strict set of governance applied to the definition and use of extensions. Though any implementer can define an extension, there is a set of requirements that SHALL be met as part of the definition of the extension. Applications processing a resource are required to check for modifier extensions.

Modifier extensions SHALL NOT change the meaning of any elements on Resource or DomainResource (including cannot change the meaning of modifierExtension itself).","There can be no stigma associated with the use of extensions by any application, project, or standard - regardless of the institution or jurisdiction that uses or defines the extensions.  The use of extensions is what allows the FHIR specification to retain a core level of simplicity for everyone.","Modifier extensions allow for extensions that *cannot* be safely ignored to be clearly distinguished from the vast majority of extensions which can be safely ignored.  This promotes interoperability by eliminating the need for implementers to prohibit the presence of extensions. For further information, see the [definition of modifier extensions](http://hl7.org/fhir/R4/extensibility.html#modifierExtension).","","","","","","","",,,,,"",,,,"BackboneElement.modifierExtension",0,*,"ele-1
","ele-1:All FHIR elements must have a @value or children {hasValue() or (children().count() > id.count())}
ext-1:Must have either extensions or value[x], not both {extension.exists() != value.exists()}","n/a","N/A"
"Consent.verification.verified","Consent.verification.verified","","","",1,1,"","","Y","boolean {[]} {[]}
","Has been verified","Has the instruction been verified.","","","","","","","","","",,,,,"",,,,"Consent.verification.verified",1,1,"ele-1
","ele-1:All FHIR elements must have a @value or children {hasValue() or (children().count() > id.count())}
","n/a"
"Consent.verification.verifiedWith","Consent.verification.verifiedWith","","","",0,1,"","","","Reference {[]} {[CanonicalType[http://hl7.org/fhir/StructureDefinition/Patient], CanonicalType[http://hl7.org/fhir/StructureDefinition/RelatedPerson]]}
","Person who verified","Who verified the instruction (Patient, Relative or other Authorized Person).","References SHALL be a reference to an actual FHIR resource, and SHALL be resolveable (allowing for access control, temporary unavailability, etc.). Resolution can be either by retrieval from the URL, or, where applicable by resource type, by treating an absolute reference as a canonical URL and looking it up in a local registry/repository.","","","","","","","","",,,,,"",,,,"Consent.verification.verifiedWith",0,1,"ele-1
","ele-1:All FHIR elements must have a @value or children {hasValue() or (children().count() > id.count())}
ref-1:SHALL have a contained resource if a local reference is provided {reference.startsWith('#').not() or (reference.substring(1).trace('url') in %rootResource.contained.id.trace('ids'))}","n/a","The target of a resource reference is a RIM entry point (Act, Role, or Entity)"
"Consent.verification.verificationDate","Consent.verification.verificationDate","","","",0,1,"","","","dateTime {[]} {[]}
","When consent verified","Date verification was collected.","","","","","","","","","",,,,,"",,,,"Consent.verification.verificationDate",0,1,"ele-1
","ele-1:All FHIR elements must have a @value or children {hasValue() or (children().count() > id.count())}
","n/a"
"Consent.provision","Consent.provision","","","",1,1,"","","Y","BackboneElement {[]} {[]}
","Constraints to the base Consent.policyRule","An exception to the base policy of this consent. An exception can be an addition or removal of access permissions.","","","","","","","","","",,,,,"",,,,"Consent.provision",0,1,"ele-1
","ele-1:All FHIR elements must have a @value or children {hasValue() or (children().count() > id.count())}
","n/a"
"Consent.provision.id","Consent.provision.id","","","",0,1,"","","","string {[]} {[]}
","Unique id for inter-element referencing","Unique id for the element within a resource (for internal references). This may be any string value that does not contain spaces.","","","","","","","","","",,,,,"",,,,"Element.id",0,1,"","","n/a"
"Consent.provision.extension","Consent.provision.extension","","extensions
user content","",0,*,"","","","Extension {[]} {[]}
","Additional content defined by implementations","May be used to represent additional information that is not part of the basic definition of the element. To make the use of extensions safe and manageable, there is a strict set of governance  applied to the definition and use of extensions. Though any implementer can define an extension, there is a set of requirements that SHALL be met as part of the definition of the extension.","There can be no stigma associated with the use of extensions by any application, project, or standard - regardless of the institution or jurisdiction that uses or defines the extensions.  The use of extensions is what allows the FHIR specification to retain a core level of simplicity for everyone.","","","","","","","","",,,,,"","value:url}
","Extensions are always sliced by (at least) url",,"open","Element.extension",0,*,"ele-1
","ele-1:All FHIR elements must have a @value or children {hasValue() or (children().count() > id.count())}
ext-1:Must have either extensions or value[x], not both {extension.exists() != value.exists()}","n/a","N/A"
"Consent.provision.modifierExtension","Consent.provision.modifierExtension","","extensions
user contentmodifiers","",0,*,"","Y","Y","Extension {[]} {[]}
","Extensions that cannot be ignored even if unrecognized","May be used to represent additional information that is not part of the basic definition of the element and that modifies the understanding of the element in which it is contained and/or the understanding of the containing element's descendants. Usually modifier elements provide negation or qualification. To make the use of extensions safe and manageable, there is a strict set of governance applied to the definition and use of extensions. Though any implementer can define an extension, there is a set of requirements that SHALL be met as part of the definition of the extension. Applications processing a resource are required to check for modifier extensions.

Modifier extensions SHALL NOT change the meaning of any elements on Resource or DomainResource (including cannot change the meaning of modifierExtension itself).","There can be no stigma associated with the use of extensions by any application, project, or standard - regardless of the institution or jurisdiction that uses or defines the extensions.  The use of extensions is what allows the FHIR specification to retain a core level of simplicity for everyone.","Modifier extensions allow for extensions that *cannot* be safely ignored to be clearly distinguished from the vast majority of extensions which can be safely ignored.  This promotes interoperability by eliminating the need for implementers to prohibit the presence of extensions. For further information, see the [definition of modifier extensions](http://hl7.org/fhir/R4/extensibility.html#modifierExtension).","","","","","","","",,,,,"",,,,"BackboneElement.modifierExtension",0,*,"ele-1
","ele-1:All FHIR elements must have a @value or children {hasValue() or (children().count() > id.count())}
ext-1:Must have either extensions or value[x], not both {extension.exists() != value.exists()}","n/a","N/A"
"Consent.provision.type","Consent.provision.type","","","",0,1,"","","Y","code {[]} {[]}
","deny | permit","Action  to take - permit or deny - when the rule conditions are met.  Not permitted in root rule, required in all nested rules.","Note that FHIR strings SHALL NOT exceed 1MB in size","","","","","","","","",,"required","How a rule statement is applied, such as adding additional consent or removing consent.","http://hl7.org/fhir/ValueSet/consent-provision-type|4.0.1","",,,,"Consent.provision.type",0,1,"ele-1
","ele-1:All FHIR elements must have a @value or children {hasValue() or (children().count() > id.count())}
","n/a"
"Consent.provision.period","Consent.provision.period","","","",0,1,"","","Y","Period {[]} {[]}
","Timeframe for this rule","The timeframe in this rule is valid.","A Period specifies a range of time; the context of use will specify whether the entire range applies (e.g. ""the patient was an inpatient of the hospital for this time range"") or one value from the range applies (e.g. ""give to the patient between these two times"").

Period is not used for a duration (a measure of elapsed time). See [Duration](http://hl7.org/fhir/R4/datatypes.html#Duration).","","","","","","","","",,,,,"",,,,"Consent.provision.period",0,1,"ele-1
","ele-1:All FHIR elements must have a @value or children {hasValue() or (children().count() > id.count())}
per-1:If present, start SHALL have a lower value than end {start.hasValue().not() or end.hasValue().not() or (start <= end)}","DR","n/a","IVL<TS>[lowClosed=""true"" and highClosed=""true""] or URG<TS>[lowClosed=""true"" and highClosed=""true""]"
"Consent.provision.actor","Consent.provision.actor","","","",0,*,"","","","BackboneElement {[]} {[]}
","Who|what controlled by this rule (or group, by role)","Who or what is controlled by this rule. Use group to identify a set of actors by some property they share (e.g. 'admitting officers').","","","","There is no specific actor associated with the exception","","","","","",,,,,"",,,,"Consent.provision.actor",0,*,"ele-1
","ele-1:All FHIR elements must have a @value or children {hasValue() or (children().count() > id.count())}
","n/a"
"Consent.provision.actor.id","Consent.provision.actor.id","","","",0,1,"","","","string {[]} {[]}
","Unique id for inter-element referencing","Unique id for the element within a resource (for internal references). This may be any string value that does not contain spaces.","","","","","","","","","",,,,,"",,,,"Element.id",0,1,"","","n/a"
"Consent.provision.actor.extension","Consent.provision.actor.extension","","extensions
user content","",0,*,"","","","Extension {[]} {[]}
","Additional content defined by implementations","May be used to represent additional information that is not part of the basic definition of the element. To make the use of extensions safe and manageable, there is a strict set of governance  applied to the definition and use of extensions. Though any implementer can define an extension, there is a set of requirements that SHALL be met as part of the definition of the extension.","There can be no stigma associated with the use of extensions by any application, project, or standard - regardless of the institution or jurisdiction that uses or defines the extensions.  The use of extensions is what allows the FHIR specification to retain a core level of simplicity for everyone.","","","","","","","","",,,,,"","value:url}
","Extensions are always sliced by (at least) url",,"open","Element.extension",0,*,"ele-1
","ele-1:All FHIR elements must have a @value or children {hasValue() or (children().count() > id.count())}
ext-1:Must have either extensions or value[x], not both {extension.exists() != value.exists()}","n/a","N/A"
"Consent.provision.actor.modifierExtension","Consent.provision.actor.modifierExtension","","extensions
user contentmodifiers","",0,*,"","Y","Y","Extension {[]} {[]}
","Extensions that cannot be ignored even if unrecognized","May be used to represent additional information that is not part of the basic definition of the element and that modifies the understanding of the element in which it is contained and/or the understanding of the containing element's descendants. Usually modifier elements provide negation or qualification. To make the use of extensions safe and manageable, there is a strict set of governance applied to the definition and use of extensions. Though any implementer can define an extension, there is a set of requirements that SHALL be met as part of the definition of the extension. Applications processing a resource are required to check for modifier extensions.

Modifier extensions SHALL NOT change the meaning of any elements on Resource or DomainResource (including cannot change the meaning of modifierExtension itself).","There can be no stigma associated with the use of extensions by any application, project, or standard - regardless of the institution or jurisdiction that uses or defines the extensions.  The use of extensions is what allows the FHIR specification to retain a core level of simplicity for everyone.","Modifier extensions allow for extensions that *cannot* be safely ignored to be clearly distinguished from the vast majority of extensions which can be safely ignored.  This promotes interoperability by eliminating the need for implementers to prohibit the presence of extensions. For further information, see the [definition of modifier extensions](http://hl7.org/fhir/R4/extensibility.html#modifierExtension).","","","","","","","",,,,,"",,,,"BackboneElement.modifierExtension",0,*,"ele-1
","ele-1:All FHIR elements must have a @value or children {hasValue() or (children().count() > id.count())}
ext-1:Must have either extensions or value[x], not both {extension.exists() != value.exists()}","n/a","N/A"
"Consent.provision.actor.role","Consent.provision.actor.role","","","",1,1,"","","","CodeableConcept {[]} {[]}
","How the actor is involved","How the individual is involved in the resources content that is described in the exception.","Not all terminology uses fit this general pattern. In some cases, models should not use CodeableConcept and use Coding directly and provide their own structure for managing text, codings, translations and the relationship between elements and pre- and post-coordination.","","","","","","","","",,"extensible","How an actor is involved in the consent considerations.","http://hl7.org/fhir/ValueSet/security-role-type","",,,,"Consent.provision.actor.role",1,1,"ele-1
","ele-1:All FHIR elements must have a @value or children {hasValue() or (children().count() > id.count())}
","CE/CNE/CWE","n/a","CD"
"Consent.provision.actor.reference","Consent.provision.actor.reference","","","",1,1,"","","","Reference {[]} {[CanonicalType[http://hl7.org/fhir/StructureDefinition/Device], CanonicalType[http://hl7.org/fhir/StructureDefinition/Group], CanonicalType[http://hl7.org/fhir/StructureDefinition/CareTeam], CanonicalType[http://hl7.org/fhir/StructureDefinition/Organization], CanonicalType[http://hl7.org/fhir/StructureDefinition/Patient], CanonicalType[http://hl7.org/fhir/StructureDefinition/Practitioner], CanonicalType[http://hl7.org/fhir/StructureDefinition/RelatedPerson], CanonicalType[http://hl7.org/fhir/StructureDefinition/PractitionerRole]]}
","Resource for the actor (or group, by role)","The resource that identifies the actor. To identify actors by type, use group to identify a set of actors by some property they share (e.g. 'admitting officers').","References SHALL be a reference to an actual FHIR resource, and SHALL be resolveable (allowing for access control, temporary unavailability, etc.). Resolution can be either by retrieval from the URL, or, where applicable by resource type, by treating an absolute reference as a canonical URL and looking it up in a local registry/repository.","","","","","","","","",,,,,"",,,,"Consent.provision.actor.reference",1,1,"ele-1
","ele-1:All FHIR elements must have a @value or children {hasValue() or (children().count() > id.count())}
ref-1:SHALL have a contained resource if a local reference is provided {reference.startsWith('#').not() or (reference.substring(1).trace('url') in %rootResource.contained.id.trace('ids'))}","n/a","The target of a resource reference is a RIM entry point (Act, Role, or Entity)"
"Consent.provision.action","Consent.provision.action","","","",0,*,"","","Y","CodeableConcept {[]} {[]}
","Actions controlled by this rule","Actions controlled by this Rule.","Note that this is the direct action (not the grounds for the action covered in the purpose element). At present, the only action in the understood and tested scope of this resource is 'read'.","","","all actions","","","","","",,"example","Detailed codes for the consent action.","http://hl7.org/fhir/ValueSet/consent-action","",,,,"Consent.provision.action",0,*,"ele-1
","ele-1:All FHIR elements must have a @value or children {hasValue() or (children().count() > id.count())}
","CE/CNE/CWE","n/a","CD"
"Consent.provision.securityLabel","Consent.provision.securityLabel","","","",0,*,"","","Y","Coding {[]} {[]}
","Security Labels that define affected resources","A security label, comprised of 0..* security label fields (Privacy tags), which define which resources are controlled by this exception.","If the consent specifies a security label of ""R"" then it applies to all resources that are labeled ""R"" or lower. E.g. for Confidentiality, it's a high water mark. For other kinds of security labels, subsumption logic applies. When the purpose of use tag is on the data, access request purpose of use shall not conflict.","","","","","","","","",,"extensible","Security Labels from the Healthcare Privacy and Security Classification System.","http://hl7.org/fhir/ValueSet/security-labels","",,,,"Consent.provision.securityLabel",0,*,"ele-1
","ele-1:All FHIR elements must have a @value or children {hasValue() or (children().count() > id.count())}
","CE/CNE/CWE subset one of the sets of component 1-3 or 4-6","n/a","CV"
"Consent.provision.purpose","Consent.provision.purpose","","","",0,*,"","","Y","Coding {[]} {[]}
","Context of activities covered by this rule","The context of the activities a user is taking - why the user is accessing the data - that are controlled by this rule.","When the purpose of use tag is on the data, access request purpose of use shall not conflict.","","","","","","","","",,"extensible","What purposes of use are controlled by this exception. If more than one label is specified, operations must have all the specified labels.","http://terminology.hl7.org/ValueSet/v3-PurposeOfUse","",,,,"Consent.provision.purpose",0,*,"ele-1
","ele-1:All FHIR elements must have a @value or children {hasValue() or (children().count() > id.count())}
","CE/CNE/CWE subset one of the sets of component 1-3 or 4-6","n/a","CV"
"Consent.provision.class","Consent.provision.class","","","",0,*,"","","Y","Coding {[]} {[]}
","e.g. Resource Type, Profile, CDA, etc.","The class of information covered by this rule. The type can be a FHIR resource type, a profile on a type, or a CDA document, or some other type that indicates what sort of information the consent relates to.","Multiple types are or'ed together. The intention of the contentType element is that the codes refer to profiles or document types defined in a standard or an implementation guide somewhere.","","","","","","","","",,"extensible","The class (type) of information a consent rule covers.","http://hl7.org/fhir/ValueSet/consent-content-class","",,,,"Consent.provision.class",0,*,"ele-1
","ele-1:All FHIR elements must have a @value or children {hasValue() or (children().count() > id.count())}
","CE/CNE/CWE subset one of the sets of component 1-3 or 4-6","n/a","CV"
"Consent.provision.code","Consent.provision.code","","","",0,*,"","","Y","CodeableConcept {[]} {[]}
","e.g. LOINC or SNOMED CT code, etc. in the content","If this code is found in an instance, then the rule applies.","Typical use of this is a Document code with class = CDA.","","","","","","","","",,"example","If this code is found in an instance, then the exception applies.","http://hl7.org/fhir/ValueSet/consent-content-code","",,,,"Consent.provision.code",0,*,"ele-1
","ele-1:All FHIR elements must have a @value or children {hasValue() or (children().count() > id.count())}
","CE/CNE/CWE","n/a","CD"
"Consent.provision.dataPeriod","Consent.provision.dataPeriod","","","",0,1,"","","Y","Period {[]} {[]}
","Timeframe for data controlled by this rule","Clinical or Operational Relevant period of time that bounds the data controlled by this rule.","This has a different sense to the Consent.period - that is when the consent agreement holds. This is the time period of the data that is controlled by the agreement.","","","","","","","","",,,,,"",,,,"Consent.provision.dataPeriod",0,1,"ele-1
","ele-1:All FHIR elements must have a @value or children {hasValue() or (children().count() > id.count())}
per-1:If present, start SHALL have a lower value than end {start.hasValue().not() or end.hasValue().not() or (start <= end)}","DR","n/a","IVL<TS>[lowClosed=""true"" and highClosed=""true""] or URG<TS>[lowClosed=""true"" and highClosed=""true""]"
"Consent.provision.data","Consent.provision.data","","","",1,1,"","","Y","BackboneElement {[]} {[]}
","Data controlled by this rule","The resources controlled by this rule if specific resources are referenced.","","","","all data","","","","","",,,,,"",,,,"Consent.provision.data",0,*,"ele-1
","ele-1:All FHIR elements must have a @value or children {hasValue() or (children().count() > id.count())}
","n/a","Role"
"Consent.provision.data.id","Consent.provision.data.id","","","",0,1,"","","","string {[]} {[]}
","Unique id for inter-element referencing","Unique id for the element within a resource (for internal references). This may be any string value that does not contain spaces.","","","","","","","","","",,,,,"",,,,"Element.id",0,1,"","","n/a"
"Consent.provision.data.extension","Consent.provision.data.extension","","extensions
user content","",0,*,"","","","Extension {[]} {[]}
","Additional content defined by implementations","May be used to represent additional information that is not part of the basic definition of the element. To make the use of extensions safe and manageable, there is a strict set of governance  applied to the definition and use of extensions. Though any implementer can define an extension, there is a set of requirements that SHALL be met as part of the definition of the extension.","There can be no stigma associated with the use of extensions by any application, project, or standard - regardless of the institution or jurisdiction that uses or defines the extensions.  The use of extensions is what allows the FHIR specification to retain a core level of simplicity for everyone.","","","","","","","","",,,,,"","value:url}
","Extensions are always sliced by (at least) url",,"open","Element.extension",0,*,"ele-1
","ele-1:All FHIR elements must have a @value or children {hasValue() or (children().count() > id.count())}
ext-1:Must have either extensions or value[x], not both {extension.exists() != value.exists()}","n/a","N/A"
"Consent.provision.data.modifierExtension","Consent.provision.data.modifierExtension","","extensions
user contentmodifiers","",0,*,"","Y","Y","Extension {[]} {[]}
","Extensions that cannot be ignored even if unrecognized","May be used to represent additional information that is not part of the basic definition of the element and that modifies the understanding of the element in which it is contained and/or the understanding of the containing element's descendants. Usually modifier elements provide negation or qualification. To make the use of extensions safe and manageable, there is a strict set of governance applied to the definition and use of extensions. Though any implementer can define an extension, there is a set of requirements that SHALL be met as part of the definition of the extension. Applications processing a resource are required to check for modifier extensions.

Modifier extensions SHALL NOT change the meaning of any elements on Resource or DomainResource (including cannot change the meaning of modifierExtension itself).","There can be no stigma associated with the use of extensions by any application, project, or standard - regardless of the institution or jurisdiction that uses or defines the extensions.  The use of extensions is what allows the FHIR specification to retain a core level of simplicity for everyone.","Modifier extensions allow for extensions that *cannot* be safely ignored to be clearly distinguished from the vast majority of extensions which can be safely ignored.  This promotes interoperability by eliminating the need for implementers to prohibit the presence of extensions. For further information, see the [definition of modifier extensions](http://hl7.org/fhir/R4/extensibility.html#modifierExtension).","","","","","","","",,,,,"",,,,"BackboneElement.modifierExtension",0,*,"ele-1
","ele-1:All FHIR elements must have a @value or children {hasValue() or (children().count() > id.count())}
ext-1:Must have either extensions or value[x], not both {extension.exists() != value.exists()}","n/a","N/A"
"Consent.provision.data.meaning","Consent.provision.data.meaning","","","",1,1,"","","Y","code {[]} {[]}
","instance | related | dependents | authoredby","How the resource reference is interpreted when testing consent restrictions.","Note that FHIR strings SHALL NOT exceed 1MB in size","","","","<valueCode xmlns=""http://hl7.org/fhir"" value=""related""/>","","","","",,"required","How a resource reference is interpreted when testing consent restrictions.","http://hl7.org/fhir/ValueSet/consent-data-meaning|4.0.1","",,,,"Consent.provision.data.meaning",1,1,"ele-1
","ele-1:All FHIR elements must have a @value or children {hasValue() or (children().count() > id.count())}
","n/a"
"Consent.provision.data.reference","Consent.provision.data.reference","","","",1,1,"","","Y","Reference {[]} {[CanonicalType[https://interop.esante.gouv.fr/ig/fhir/sdo/sdo-task]]}
","The actual data reference","A reference to a specific resource that defines which resources are covered by this consent.","References SHALL be a reference to an actual FHIR resource, and SHALL be resolveable (allowing for access control, temporary unavailability, etc.). Resolution can be either by retrieval from the URL, or, where applicable by resource type, by treating an absolute reference as a canonical URL and looking it up in a local registry/repository.","","","","","","","","",,,,,"",,,,"Consent.provision.data.reference",1,1,"ele-1
","ele-1:All FHIR elements must have a @value or children {hasValue() or (children().count() > id.count())}
ref-1:SHALL have a contained resource if a local reference is provided {reference.startsWith('#').not() or (reference.substring(1).trace('url') in %rootResource.contained.id.trace('ids'))}","n/a","The target of a resource reference is a RIM entry point (Act, Role, or Entity)"
"Consent.provision.provision","Consent.provision.provision","","","",0,*,"","","","null {[]} {[]}
","Nested Exception Rules","Rules which provide exceptions to the base rule or subrules.","","","","","","","","","",,,,,"",,,,"Consent.provision.provision",0,*,"",""
