{
  "resourceType" : "CodeSystem",
  "id" : "input-task-sdo-codesystem",
  "meta" : {
    "profile" : ["http://hl7.org/fhir/StructureDefinition/shareablecodesystem"]
  },
  "text" : {
    "status" : "generated",
    "div" : "<div xmlns=\"http://www.w3.org/1999/xhtml\"><p class=\"res-header-id\"><b>Narratif généré : CodeSystem input-task-sdo-codesystem</b></p><a name=\"input-task-sdo-codesystem\"> </a><a name=\"hcinput-task-sdo-codesystem\"> </a><a name=\"input-task-sdo-codesystem-fr-FR\"> </a><div style=\"display: inline-block; background-color: #d9e0e7; padding: 6px; margin: 4px; border: 1px solid #8da1b4; border-radius: 5px; line-height: 60%\"><p style=\"margin-bottom: 0px\"/><p style=\"margin-bottom: 0px\">Profil: <a href=\"http://hl7.org/fhir/R4/shareablecodesystem.html\">Shareable CodeSystem</a></p></div><p>This case-sensitive code system <code>https://interop.esante.gouv.fr/ig/fhir/sdo/CodeSystem/input-task-sdo-codesystem</code> defines the following codes:</p><table class=\"codes\"><tr><td style=\"white-space:nowrap\"><b>Code</b></td><td><b>Définition</b></td></tr><tr><td style=\"white-space:nowrap\">idNat_Struct<a name=\"input-task-sdo-codesystem-idNat_Struct\"> </a></td><td>Identifiant de l'ESMS accueillant l'individu en situation de handicap. Cet identifiant est obtenu par la concaténation du type d'identifiant national de structure (provenant de la nomenclature TRE_G07-TypeIdentifiantStructure) et de l'identifiant de la structure: ** 1 + N° FINESS (entité juridique et entité géographique indéterminées);** 3 + N° SIRET</td></tr><tr><td style=\"white-space:nowrap\">nomESMS<a name=\"input-task-sdo-codesystem-nomESMS\"> </a></td><td>Permet de définir le nom de l’ESMS</td></tr><tr><td style=\"white-space:nowrap\">statutESMS<a name=\"input-task-sdo-codesystem-statutESMS\"> </a></td><td>Statut de l’usager dans l'ESMS</td></tr><tr><td style=\"white-space:nowrap\">motifESMS<a name=\"input-task-sdo-codesystem-motifESMS\"> </a></td><td>Permet de définir le motif associé au statut de l’usager dans l’ESMS. Motifs obligatoires pour certains statuts suivant la table : https://mos.esante.gouv.fr/NOS/ASS_A32-StatutMotifPersonnePriseCharge/ASS_A32-StatutMotifPersonnePriseCharge.pdf</td></tr><tr><td style=\"white-space:nowrap\">dateStatutESMS<a name=\"input-task-sdo-codesystem-dateStatutESMS\"> </a></td><td>Permet de définir la date d'entrée dans le statut</td></tr><tr><td style=\"white-space:nowrap\">idUnite<a name=\"input-task-sdo-codesystem-idUnite\"> </a></td><td>Identifiant de l'unité qui correspond à l’identifiant de l'organisation interne, unique et persistant au niveau national, et généré par une instance régionale du ROR (pour plus de précision, voir la spécification « ANS ROR - Modèle Exposition</td></tr><tr><td style=\"white-space:nowrap\">nomUnite<a name=\"input-task-sdo-codesystem-nomUnite\"> </a></td><td>Nom de l'unité</td></tr><tr><td style=\"white-space:nowrap\">categorieOrganisation<a name=\"input-task-sdo-codesystem-categorieOrganisation\"> </a></td><td>Permet de définir la catégorie d’organisation qui caractérise la nature particulière de l’offre de santé portée par l'unité</td></tr><tr><td style=\"white-space:nowrap\">temporaliteAccueil<a name=\"input-task-sdo-codesystem-temporaliteAccueil\"> </a></td><td>Permet de définir la fréquence d'accueil lors d'une prise en charge en ESMS</td></tr><tr><td style=\"white-space:nowrap\">accueilSequentiel<a name=\"input-task-sdo-codesystem-accueilSequentiel\"> </a></td><td>Permet de définir l’accueil séquentiel</td></tr><tr><td style=\"white-space:nowrap\">modePriseCharge<a name=\"input-task-sdo-codesystem-modePriseCharge\"> </a></td><td>Permet de définir le mode de prise en charge</td></tr><tr><td style=\"white-space:nowrap\">statutUnite<a name=\"input-task-sdo-codesystem-statutUnite\"> </a></td><td>Statut de la personne orientée au niveau de l’unité, définis dans le cadre fonctionnel du système d'information de suivi des orientations de la CNSA</td></tr><tr><td style=\"white-space:nowrap\">dateStatutUnite<a name=\"input-task-sdo-codesystem-dateStatutUnite\"> </a></td><td>Permet de définir la date d'entrée renseignée par l'utilisateur pour les statuts</td></tr><tr><td style=\"white-space:nowrap\">motifUnite<a name=\"input-task-sdo-codesystem-motifUnite\"> </a></td><td>Permet de définir le motif de sortie ou d’admission impossible</td></tr><tr><td style=\"white-space:nowrap\">typeDroitPrestation<a name=\"input-task-sdo-codesystem-typeDroitPrestation\"> </a></td><td>Permet de définir le type de droit et prestation caractérisant la décision d'orientation.</td></tr><tr><td style=\"white-space:nowrap\">idDecision<a name=\"input-task-sdo-codesystem-idDecision\"> </a></td><td>Permet de définir l’identifiant de la décision unique au sein de la MDPH</td></tr><tr><td style=\"white-space:nowrap\">idNat_Decision<a name=\"input-task-sdo-codesystem-idNat_Decision\"> </a></td><td>Identifiant technique national de la décision, généré par ViaTrajectoire. Cet identifiant unique est retourné dans le Flux 1 par ViaTrajectoire à la MDPH lorsque la décision est créée dans le SI-SdO.</td></tr></table></div>"
  },
  "url" : "https://interop.esante.gouv.fr/ig/fhir/sdo/CodeSystem/input-task-sdo-codesystem",
  "version" : "4.0.3",
  "name" : "InputTaskSDOCodeSystem",
  "title" : "InputTaskSDOCodeSystem",
  "status" : "active",
  "experimental" : false,
  "date" : "2025-06-11T12:32:06+00:00",
  "publisher" : "ANS",
  "contact" : [{
    "name" : "ANS",
    "telecom" : [{
      "system" : "url",
      "value" : "https://esante.gouv.fr"
    }]
  }],
  "description" : "Code System pour la définition des éléments spécifiques de input dans ressource SDOTask",
  "jurisdiction" : [{
    "coding" : [{
      "system" : "urn:iso:std:iso:3166",
      "code" : "FR",
      "display" : "FRANCE"
    }]
  }],
  "caseSensitive" : true,
  "compositional" : false,
  "content" : "complete",
  "count" : 17,
  "concept" : [{
    "code" : "idNat_Struct",
    "display" : "idNat_Struct",
    "definition" : "Identifiant de l'ESMS accueillant l'individu en situation de handicap. Cet identifiant est obtenu par la concaténation du type d'identifiant national de structure (provenant de la nomenclature TRE_G07-TypeIdentifiantStructure) et de l'identifiant de la structure: ** 1 + N° FINESS (entité juridique et entité géographique indéterminées);** 3 + N° SIRET"
  },
  {
    "code" : "nomESMS",
    "display" : "nomESMS",
    "definition" : "Permet de définir le nom de l’ESMS"
  },
  {
    "code" : "statutESMS",
    "display" : "statutESMS",
    "definition" : "Statut de l’usager dans l'ESMS"
  },
  {
    "code" : "motifESMS",
    "display" : "motifESMS",
    "definition" : "Permet de définir le motif associé au statut de l’usager dans l’ESMS. Motifs obligatoires pour certains statuts suivant la table : https://mos.esante.gouv.fr/NOS/ASS_A32-StatutMotifPersonnePriseCharge/ASS_A32-StatutMotifPersonnePriseCharge.pdf"
  },
  {
    "code" : "dateStatutESMS",
    "display" : "dateStatutESMS",
    "definition" : "Permet de définir la date d'entrée dans le statut"
  },
  {
    "code" : "idUnite",
    "display" : "idUnite",
    "definition" : "Identifiant de l'unité qui correspond à l’identifiant de l'organisation interne, unique et persistant au niveau national, et généré par une instance régionale du ROR (pour plus de précision, voir la spécification « ANS ROR - Modèle Exposition"
  },
  {
    "code" : "nomUnite",
    "display" : "nomUnite",
    "definition" : "Nom de l'unité"
  },
  {
    "code" : "categorieOrganisation",
    "display" : "categorieOrganisation",
    "definition" : "Permet de définir la catégorie d’organisation qui caractérise la nature particulière de l’offre de santé portée par l'unité"
  },
  {
    "code" : "temporaliteAccueil",
    "display" : "temporaliteAccueil",
    "definition" : "Permet de définir la fréquence d'accueil lors d'une prise en charge en ESMS"
  },
  {
    "code" : "accueilSequentiel",
    "display" : "accueilSequentiel",
    "definition" : "Permet de définir l’accueil séquentiel"
  },
  {
    "code" : "modePriseCharge",
    "display" : "modePriseCharge",
    "definition" : "Permet de définir le mode de prise en charge"
  },
  {
    "code" : "statutUnite",
    "display" : "statutUnite",
    "definition" : "Statut de la personne orientée au niveau de l’unité, définis dans le cadre fonctionnel du système d'information de suivi des orientations de la CNSA"
  },
  {
    "code" : "dateStatutUnite",
    "display" : "dateStatutUnite",
    "definition" : "Permet de définir la date d'entrée renseignée par l'utilisateur pour les statuts"
  },
  {
    "code" : "motifUnite",
    "display" : "motifUnite",
    "definition" : "Permet de définir le motif de sortie ou d’admission impossible"
  },
  {
    "code" : "typeDroitPrestation",
    "display" : "typeDroitPrestation",
    "definition" : "Permet de définir le type de droit et prestation caractérisant la décision d'orientation."
  },
  {
    "code" : "idDecision",
    "display" : "idDecision",
    "definition" : "Permet de définir l’identifiant de la décision unique au sein de la MDPH"
  },
  {
    "code" : "idNat_Decision",
    "display" : "idNat_Decision",
    "definition" : "Identifiant technique national de la décision, généré par ViaTrajectoire. Cet identifiant unique est retourné dans le Flux 1 par ViaTrajectoire à la MDPH lorsque la décision est créée dans le SI-SdO."
  }]
}